model,imbalance_method,hidden_layer_sizes,alpha,learning_rate_init,dev_accuracy,dev_precision,dev_recall,dev_f1_score,dev_roc_auc,dev_pr_auc_average_precision,dev_TN,dev_FP,dev_FN,dev_TP,rank_dev_pr_auc
MLP,none,"(16, 8)",0.001,0.0005,0.9776536312849162,0.8940677966101694,0.8577235772357723,0.8755186721991701,0.981149811498115,0.9308006691483359,2414,25,35,211,1
MLP,none,"(16, 8)",0.001,0.001,0.9780260707635009,0.9012875536480687,0.8536585365853658,0.8768267223382046,0.9809848098480984,0.9306887995672923,2416,23,36,210,2
MLP,none,"(16, 8)",0.01,0.001,0.9780260707635009,0.9012875536480687,0.8536585365853658,0.8768267223382046,0.980723140564739,0.930664891028677,2416,23,36,210,3
MLP,none,"(16, 8)",0.0001,0.001,0.9769087523277468,0.8898305084745762,0.8536585365853658,0.8713692946058091,0.9809598095980959,0.9301693625926326,2413,26,36,210,4
MLP,none,"(16,)",0.001,0.001,0.9787709497206704,0.9055793991416309,0.8577235772357723,0.8810020876826722,0.980139801398014,0.9296838448795192,2417,22,35,211,5
MLP,none,"(16,)",0.0001,0.001,0.9787709497206704,0.9055793991416309,0.8577235772357723,0.8810020876826722,0.9801498014980149,0.9296145549557785,2417,22,35,211,6
MLP,none,"(16,)",0.01,0.001,0.9791433891992551,0.9094827586206896,0.8577235772357723,0.8828451882845189,0.980116467831345,0.929605704947844,2418,21,35,211,7
MLP,none,"(16, 8)",0.0001,0.0005,0.9772811918063314,0.8936170212765957,0.8536585365853658,0.8731808731808732,0.979979799797998,0.9293568568447983,2414,25,36,210,8
MLP,none,"(32, 16)",0.01,0.0005,0.9783985102420857,0.9017094017094017,0.8577235772357723,0.8791666666666667,0.979663129964633,0.9292230713392278,2416,23,35,211,9
MLP,none,"(32, 16)",0.001,0.0005,0.9780260707635009,0.9012875536480687,0.8536585365853658,0.8768267223382046,0.9796781301146344,0.9291617731607923,2416,23,36,210,10
MLP,none,"(16, 8)",0.01,0.0005,0.9776536312849162,0.8974358974358975,0.8536585365853658,0.875,0.9798181315146485,0.9290015335289634,2415,24,36,210,11
MLP,none,"(16,)",0.01,0.0005,0.9798882681564246,0.9210526315789473,0.8536585365853658,0.8860759493670886,0.9803114697813645,0.9289058439624631,2421,18,36,210,12
MLP,none,"(32, 16)",0.0001,0.0005,0.9787709497206704,0.902127659574468,0.8617886178861789,0.8814968814968815,0.979673130064634,0.9288927516161448,2416,23,34,212,13
MLP,none,"(16,)",0.001,0.0005,0.9798882681564246,0.9210526315789473,0.8536585365853658,0.8860759493670886,0.9802798027980281,0.9287045859665445,2421,18,36,210,14
MLP,none,"(16,)",0.0001,0.0005,0.9798882681564246,0.9210526315789473,0.8536585365853658,0.8860759493670886,0.980269802698027,0.9286988457891792,2421,18,36,210,15
MLP,none,"(32, 16)",0.01,0.001,0.9787709497206704,0.8987341772151899,0.8658536585365854,0.8819875776397516,0.9792181255145884,0.9284434016596161,2415,24,33,213,16
MLP,none,"(32,)",0.01,0.001,0.9787709497206704,0.9090909090909091,0.8536585365853658,0.8805031446540881,0.9794897948979491,0.9281078556902027,2418,21,36,210,17
MLP,none,"(32,)",0.001,0.001,0.9787709497206704,0.9090909090909091,0.8536585365853658,0.8805031446540881,0.9794631279646131,0.9280787662443093,2418,21,36,210,18
MLP,none,"(32,)",0.0001,0.001,0.9787709497206704,0.9090909090909091,0.8536585365853658,0.8805031446540881,0.979429794297943,0.9279785231687316,2418,21,36,210,19
MLP,none,"(8,)",0.01,0.001,0.9795158286778398,0.9170305676855895,0.8536585365853658,0.8842105263157894,0.9795014616812835,0.9279532231161929,2420,19,36,210,20
MLP,none,"(8,)",0.0001,0.001,0.9795158286778398,0.9170305676855895,0.8536585365853658,0.8842105263157894,0.9793897938979389,0.9277773045681778,2420,19,36,210,21
MLP,none,"(8,)",0.001,0.001,0.9795158286778398,0.9170305676855895,0.8536585365853658,0.8842105263157894,0.9794114607812746,0.9277217721985112,2420,19,36,210,22
MLP,none,"(8,)",0.001,0.0005,0.9802607076350093,0.9288888888888889,0.8495934959349594,0.8874734607218684,0.979263125964593,0.9276028827246411,2423,16,37,209,23
MLP,none,"(8,)",0.0001,0.0005,0.9802607076350093,0.9288888888888889,0.8495934959349594,0.8874734607218684,0.97926645933126,0.9276027220887401,2423,16,37,209,24
MLP,none,"(8,)",0.01,0.0005,0.9802607076350093,0.9288888888888889,0.8495934959349594,0.8874734607218684,0.979273126064594,0.9275940413003333,2423,16,37,209,25
MLP,none,"(32,)",0.01,0.0005,0.9791433891992551,0.9166666666666666,0.8495934959349594,0.8818565400843882,0.9794714613812805,0.9274943778780464,2420,19,37,209,26
MLP,none,"(32,)",0.0001,0.0005,0.9787709497206704,0.9162995594713657,0.8455284552845529,0.879492600422833,0.9794014606812734,0.9273711210889529,2420,19,38,208,27
MLP,none,"(32,)",0.001,0.0005,0.9787709497206704,0.9162995594713657,0.8455284552845529,0.879492600422833,0.9794064607312739,0.9273372814594412,2420,19,38,208,28
MLP,none,"(32, 16)",0.0001,0.001,0.9776536312849162,0.8875,0.8658536585365854,0.8765432098765432,0.97649976499765,0.926899354747314,2412,27,33,213,29
MLP,none,"(32, 16)",0.001,0.001,0.9780260707635009,0.9047619047619048,0.8495934959349594,0.8763102725366876,0.977989779897799,0.9266814890775331,2417,22,37,209,30
MLP,random_oversampling,"(16,)",0.01,0.0005,0.9631284916201117,0.7378640776699029,0.926829268292683,0.8216216216216217,0.979773131064644,0.9262070209995865,2358,81,18,228,31
MLP,random_oversampling,"(16,)",0.0001,0.001,0.9620111731843576,0.7307692307692307,0.926829268292683,0.8172043010752689,0.980129801298013,0.9257158821694104,2355,84,18,228,32
MLP,random_oversampling,"(16,)",0.01,0.001,0.9623836126629423,0.7331189710610932,0.926829268292683,0.8186714542190305,0.9798864655313219,0.9256727548113691,2356,83,18,228,33
MLP,random_oversampling,"(16,)",0.001,0.0005,0.9631284916201117,0.7378640776699029,0.926829268292683,0.8216216216216217,0.979719797197972,0.9255281508577924,2358,81,18,228,34
MLP,random_oversampling,"(16,)",0.0001,0.0005,0.9631284916201117,0.7378640776699029,0.926829268292683,0.8216216216216217,0.9797064637313039,0.925445289537342,2358,81,18,228,35
MLP,random_oversampling,"(16,)",0.001,0.001,0.9646182495344506,0.7508305647840532,0.9186991869918699,0.8263254113345521,0.9798447984479844,0.9243589816825488,2364,75,20,226,36
MLP,random_oversampling,"(32,)",0.01,0.0005,0.9631284916201117,0.739413680781759,0.9227642276422764,0.8209764918625678,0.979723130564639,0.9242346509962037,2359,80,19,227,37
MLP,random_oversampling,"(32,)",0.0001,0.0005,0.9635009310986965,0.7466666666666667,0.9105691056910569,0.8205128205128205,0.9784914515811824,0.9232003432348802,2363,76,22,224,38
MLP,random_oversampling,"(8,)",0.001,0.001,0.9608938547486033,0.7266881028938906,0.9186991869918699,0.8114901256732495,0.9793447934479345,0.9227430484026266,2354,85,20,226,39
MLP,random_oversampling,"(8,)",0.0001,0.001,0.9608938547486033,0.7266881028938906,0.9186991869918699,0.8114901256732495,0.979346460131268,0.9227377181688359,2354,85,20,226,40
MLP,random_oversampling,"(8,)",0.01,0.0005,0.9631284916201117,0.7378640776699029,0.926829268292683,0.8216216216216217,0.9787147871478714,0.9227134958631814,2358,81,18,228,41
MLP,random_oversampling,"(8,)",0.001,0.0005,0.9623836126629423,0.7331189710610932,0.926829268292683,0.8186714542190305,0.9787714543812105,0.9225650824767715,2356,83,18,228,42
MLP,random_oversampling,"(8,)",0.0001,0.0005,0.9620111731843576,0.7307692307692307,0.926829268292683,0.8172043010752689,0.9787747877478775,0.922533118074906,2355,84,18,228,43
MLP,random_oversampling,"(8,)",0.01,0.001,0.9620111731843576,0.7337662337662337,0.9186991869918699,0.8158844765342961,0.979149791497915,0.9223092098486387,2357,82,20,226,44
MLP,random_oversampling,"(32,)",0.001,0.0005,0.9608938547486033,0.7296416938110749,0.9105691056910569,0.810126582278481,0.9778047780477804,0.9220823840075123,2356,83,22,224,45
MLP,random_oversampling,"(32,)",0.01,0.001,0.958659217877095,0.7142857142857143,0.9146341463414634,0.8021390374331551,0.977026436931036,0.9214087745220366,2349,90,21,225,46
MLP,random_oversampling,"(32,)",0.0001,0.001,0.9631284916201117,0.7441860465116279,0.9105691056910569,0.8190127970749543,0.9774314409810765,0.9202736007535797,2362,77,22,224,47
MLP,random_oversampling,"(16, 8)",0.01,0.001,0.9590316573556797,0.7207792207792207,0.9024390243902439,0.8014440433212996,0.9752030853641869,0.9157730173772927,2353,86,24,222,48
MLP,random_oversampling,"(16, 8)",0.0001,0.0005,0.9575418994413408,0.70625,0.9186991869918699,0.7985865724381626,0.978016446831135,0.9153329690612396,2345,94,20,226,49
MLP,random_oversampling,"(16, 8)",0.01,0.0005,0.9575418994413408,0.7075471698113207,0.9146341463414634,0.7978723404255319,0.977529775297753,0.9148888660476243,2346,93,21,225,50
MLP,random_oversampling,"(32,)",0.001,0.001,0.9564245810055866,0.7021943573667712,0.9105691056910569,0.7929203539823009,0.9747480808141414,0.913690224741569,2344,95,22,224,51
MLP,random_oversampling,"(32, 16)",0.001,0.0005,0.9597765363128492,0.724025974025974,0.9065040650406504,0.8050541516245487,0.9710830441637749,0.9134353614211326,2354,85,23,223,52
MLP,random_oversampling,"(16, 8)",0.001,0.0005,0.9605214152700187,0.7287581699346405,0.9065040650406504,0.8079710144927537,0.976039760397604,0.9132681124733081,2356,83,23,223,53
MLP,random_oversampling,"(32, 16)",0.001,0.001,0.9590316573556797,0.717948717948718,0.9105691056910569,0.8028673835125448,0.9726563932305989,0.9130754135952569,2351,88,22,224,54
MLP,random_oversampling,"(32, 16)",0.01,0.001,0.9579143389199255,0.7097791798107256,0.9146341463414634,0.7992895204262878,0.9730163968306349,0.9129824896552345,2347,92,21,225,55
MLP,random_oversampling,"(32, 16)",0.01,0.0005,0.9579143389199255,0.7084639498432602,0.9186991869918699,0.8,0.9735330686640199,0.9118775095321207,2346,93,20,226,56
MLP,random_oversampling,"(16, 8)",0.001,0.001,0.9672253258845438,0.7724137931034483,0.9105691056910569,0.835820895522388,0.9733714003806705,0.9117616821586934,2373,66,22,224,57
MLP,random_oversampling,"(32, 16)",0.0001,0.0005,0.9608938547486033,0.7296416938110749,0.9105691056910569,0.810126582278481,0.9718780521138545,0.9106328722902952,2356,83,22,224,58
MLP,random_oversampling,"(16, 8)",0.0001,0.001,0.9567970204841714,0.703125,0.9146341463414634,0.7950530035335689,0.9750814174808415,0.9078821455017131,2344,95,21,225,59
MLP,random_oversampling,"(32, 16)",0.0001,0.001,0.9601489757914339,0.7293729372937293,0.8983739837398373,0.8051001821493625,0.9712247122471225,0.9008492193796789,2357,82,25,221,60
