model,dev_pr_auc_average_precision,dev_roc_auc,dev_f1_score,dev_recall,dev_precision,params,rank_dev_pr_auc
Random Forest,0.9286844861773899,0.9782664493311599,0.8739837398373984,0.8739837398373984,0.8739837398373984,"{'max_depth': 10, 'min_samples_leaf': 2, 'min_samples_split': 5, 'n_estimators': 200}",1
Random Forest,0.9286610029107281,0.9766614332809995,0.8699186991869918,0.8699186991869918,0.8699186991869918,"{'max_depth': 10, 'min_samples_leaf': 2, 'min_samples_split': 2, 'n_estimators': 200}",2
Random Forest,0.928414710953299,0.977406440731074,0.8716904276985743,0.8699186991869918,0.8734693877551021,"{'max_depth': 10, 'min_samples_leaf': 2, 'min_samples_split': 5, 'n_estimators': 300}",3
Random Forest,0.9283488365232363,0.9770947709477095,0.8699186991869918,0.8699186991869918,0.8699186991869918,"{'max_depth': 10, 'min_samples_leaf': 2, 'min_samples_split': 2, 'n_estimators': 100}",4
Random Forest,0.9282020192900876,0.9770564372310389,0.8693877551020408,0.8658536585365854,0.8729508196721312,"{'max_depth': 10, 'min_samples_leaf': 2, 'min_samples_split': 2, 'n_estimators': 300}",5
Random Forest,0.927688406278254,0.977996446631133,0.8775510204081632,0.8739837398373984,0.8811475409836066,"{'max_depth': 10, 'min_samples_leaf': 2, 'min_samples_split': 5, 'n_estimators': 100}",6
Random Forest,0.9275101104976454,0.9769464361310279,0.8600823045267489,0.8495934959349594,0.8708333333333333,"{'max_depth': 10, 'min_samples_leaf': 1, 'min_samples_split': 2, 'n_estimators': 100}",7
Random Forest,0.9274530336163633,0.9765047650476504,0.8699186991869918,0.8699186991869918,0.8699186991869918,"{'max_depth': 10, 'min_samples_leaf': 1, 'min_samples_split': 5, 'n_estimators': 200}",8
Random Forest,0.9273540803401424,0.9770981043143765,0.86652977412731,0.8577235772357723,0.8755186721991701,"{'max_depth': 10, 'min_samples_leaf': 1, 'min_samples_split': 2, 'n_estimators': 200}",9
Random Forest,0.9272715882575956,0.9760414270809374,0.8693877551020408,0.8658536585365854,0.8729508196721312,"{'max_depth': 10, 'min_samples_leaf': 1, 'min_samples_split': 5, 'n_estimators': 300}",10
Random Forest,0.9271668952060678,0.9750655839891732,0.8763102725366876,0.8495934959349594,0.9047619047619048,"{'max_depth': 20, 'min_samples_leaf': 2, 'min_samples_split': 2, 'n_estimators': 300}",11
Random Forest,0.9271202790660296,0.973423067564009,0.8823529411764706,0.8536585365853658,0.9130434782608695,"{'max_depth': None, 'min_samples_leaf': 2, 'min_samples_split': 2, 'n_estimators': 100}",12
Random Forest,0.9267924439152821,0.9771356046893801,0.8710359408033826,0.8373983739837398,0.9074889867841409,"{'max_depth': 20, 'min_samples_leaf': 1, 'min_samples_split': 5, 'n_estimators': 100}",13
Random Forest,0.9267527709780277,0.9761447614476144,0.8734177215189873,0.8414634146341463,0.9078947368421053,"{'max_depth': 20, 'min_samples_leaf': 1, 'min_samples_split': 5, 'n_estimators': 200}",14
Random Forest,0.9266236353505257,0.9731547315473155,0.8781512605042017,0.8495934959349594,0.908695652173913,"{'max_depth': 20, 'min_samples_leaf': 2, 'min_samples_split': 2, 'n_estimators': 100}",15
Random Forest,0.9265587160262048,0.9748147481474815,0.8763102725366876,0.8495934959349594,0.9047619047619048,"{'max_depth': None, 'min_samples_leaf': 2, 'min_samples_split': 2, 'n_estimators': 300}",16
Random Forest,0.9263480115394269,0.9761430947642811,0.8757637474541752,0.8739837398373984,0.8775510204081632,"{'max_depth': 10, 'min_samples_leaf': 1, 'min_samples_split': 5, 'n_estimators': 100}",17
Random Forest,0.9263304904418038,0.9773331066644,0.8604651162790697,0.9024390243902439,0.8222222222222222,"{'max_depth': 5, 'min_samples_leaf': 2, 'min_samples_split': 5, 'n_estimators': 300}",18
Random Forest,0.9262314318061132,0.9764947649476495,0.8701030927835052,0.8577235772357723,0.8828451882845189,"{'max_depth': 10, 'min_samples_leaf': 1, 'min_samples_split': 2, 'n_estimators': 300}",19
Random Forest,0.926180718744448,0.9761122611226113,0.8757894736842106,0.8455284552845529,0.9082969432314411,"{'max_depth': 20, 'min_samples_leaf': 1, 'min_samples_split': 5, 'n_estimators': 300}",20
Random Forest,0.9259960741110494,0.9775197751977519,0.8621359223300971,0.9024390243902439,0.8252788104089219,"{'max_depth': 5, 'min_samples_leaf': 2, 'min_samples_split': 2, 'n_estimators': 300}",21
Random Forest,0.9259685851714355,0.9773647736477364,0.8604651162790697,0.9024390243902439,0.8222222222222222,"{'max_depth': 5, 'min_samples_leaf': 2, 'min_samples_split': 5, 'n_estimators': 200}",22
Random Forest,0.9259019532664468,0.9774372743727437,0.8621359223300971,0.9024390243902439,0.8252788104089219,"{'max_depth': 5, 'min_samples_leaf': 2, 'min_samples_split': 2, 'n_estimators': 200}",23
Random Forest,0.9258904167783416,0.9729522295222951,0.8760683760683761,0.8333333333333334,0.9234234234234234,"{'max_depth': 20, 'min_samples_leaf': 1, 'min_samples_split': 2, 'n_estimators': 300}",24
Random Forest,0.9256566940491318,0.975969759697597,0.8757894736842106,0.8455284552845529,0.9082969432314411,"{'max_depth': None, 'min_samples_leaf': 1, 'min_samples_split': 5, 'n_estimators': 200}",25
Random Forest,0.9254262083466674,0.9727905612389458,0.8763102725366876,0.8495934959349594,0.9047619047619048,"{'max_depth': 20, 'min_samples_leaf': 2, 'min_samples_split': 2, 'n_estimators': 200}",26
Random Forest,0.9253749953767033,0.9768164348310149,0.8565891472868217,0.8983739837398373,0.8185185185185185,"{'max_depth': 5, 'min_samples_leaf': 2, 'min_samples_split': 2, 'n_estimators': 100}",27
Random Forest,0.9253177506605376,0.9746797467974679,0.8773388773388774,0.8577235772357723,0.8978723404255319,"{'max_depth': 20, 'min_samples_leaf': 2, 'min_samples_split': 5, 'n_estimators': 300}",28
Random Forest,0.9252527612841317,0.9765714323809905,0.8549323017408124,0.8983739837398373,0.8154981549815498,"{'max_depth': 5, 'min_samples_leaf': 2, 'min_samples_split': 5, 'n_estimators': 100}",29
Random Forest,0.9252184172571855,0.9762639293059598,0.8747346072186837,0.8373983739837398,0.9155555555555556,"{'max_depth': None, 'min_samples_leaf': 1, 'min_samples_split': 5, 'n_estimators': 100}",30
Random Forest,0.9249043037406469,0.9724938916055826,0.8763102725366876,0.8495934959349594,0.9047619047619048,"{'max_depth': None, 'min_samples_leaf': 2, 'min_samples_split': 2, 'n_estimators': 200}",31
Random Forest,0.9248077018757667,0.9759830931642649,0.8757894736842106,0.8455284552845529,0.9082969432314411,"{'max_depth': None, 'min_samples_leaf': 1, 'min_samples_split': 5, 'n_estimators': 300}",32
Random Forest,0.9247813853810248,0.977406440731074,0.8621359223300971,0.9024390243902439,0.8252788104089219,"{'max_depth': 5, 'min_samples_leaf': 1, 'min_samples_split': 2, 'n_estimators': 300}",33
Random Forest,0.9247580002728776,0.9746780801141345,0.8773388773388774,0.8577235772357723,0.8978723404255319,"{'max_depth': None, 'min_samples_leaf': 2, 'min_samples_split': 5, 'n_estimators': 300}",34
Random Forest,0.9247024367196846,0.9712413790804575,0.8742004264392325,0.8333333333333334,0.9192825112107623,"{'max_depth': 20, 'min_samples_leaf': 1, 'min_samples_split': 2, 'n_estimators': 200}",35
Random Forest,0.9244977148211645,0.974089740897409,0.8755186721991701,0.8577235772357723,0.8940677966101694,"{'max_depth': 20, 'min_samples_leaf': 2, 'min_samples_split': 5, 'n_estimators': 200}",36
Random Forest,0.9244699644829836,0.9773106064393977,0.8604651162790697,0.9024390243902439,0.8222222222222222,"{'max_depth': 5, 'min_samples_leaf': 1, 'min_samples_split': 5, 'n_estimators': 200}",37
Random Forest,0.9243819000767274,0.9772422724227242,0.8588007736943907,0.9024390243902439,0.8191881918819188,"{'max_depth': 5, 'min_samples_leaf': 1, 'min_samples_split': 5, 'n_estimators': 300}",38
Random Forest,0.9242688516263857,0.9722538892055587,0.8760683760683761,0.8333333333333334,0.9234234234234234,"{'max_depth': None, 'min_samples_leaf': 1, 'min_samples_split': 2, 'n_estimators': 300}",39
Random Forest,0.9240405694390136,0.9733205665389987,0.8755186721991701,0.8577235772357723,0.8940677966101694,"{'max_depth': None, 'min_samples_leaf': 2, 'min_samples_split': 5, 'n_estimators': 200}",40
Random Forest,0.9237517359075503,0.9726547265472654,0.8778467908902692,0.8617886178861789,0.8945147679324894,"{'max_depth': 20, 'min_samples_leaf': 2, 'min_samples_split': 5, 'n_estimators': 100}",41
Random Forest,0.9235666297439582,0.9727963946306128,0.8755186721991701,0.8577235772357723,0.8940677966101694,"{'max_depth': None, 'min_samples_leaf': 2, 'min_samples_split': 5, 'n_estimators': 100}",42
Random Forest,0.9229587265353998,0.976506431730984,0.8532818532818532,0.8983739837398373,0.8125,"{'max_depth': 5, 'min_samples_leaf': 1, 'min_samples_split': 5, 'n_estimators': 100}",43
Random Forest,0.9229382243404014,0.9767714343810104,0.8532818532818532,0.8983739837398373,0.8125,"{'max_depth': 5, 'min_samples_leaf': 1, 'min_samples_split': 2, 'n_estimators': 100}",44
Random Forest,0.922879244488909,0.9707605409387428,0.8723404255319149,0.8333333333333334,0.9151785714285714,"{'max_depth': 20, 'min_samples_leaf': 1, 'min_samples_split': 2, 'n_estimators': 100}",45
Random Forest,0.9224767653086593,0.9772631059643929,0.8604651162790697,0.9024390243902439,0.8222222222222222,"{'max_depth': 5, 'min_samples_leaf': 1, 'min_samples_split': 2, 'n_estimators': 200}",46
Random Forest,0.922241281424107,0.9710405437387708,0.8784648187633263,0.8373983739837398,0.9237668161434978,"{'max_depth': None, 'min_samples_leaf': 1, 'min_samples_split': 2, 'n_estimators': 200}",47
Random Forest,0.9213813374011152,0.9721172211722119,0.8765957446808511,0.8373983739837398,0.9196428571428571,"{'max_depth': None, 'min_samples_leaf': 1, 'min_samples_split': 2, 'n_estimators': 100}",48
XGBoost,0.93281036397866,0.9821831551648849,0.8458646616541353,0.9146341463414634,0.7867132867132867,"{'colsample_bytree': 0.8, 'learning_rate': 0.05, 'max_depth': 3, 'n_estimators': 300, 'subsample': 1.0}",1
XGBoost,0.9316029057462414,0.9795839625062918,0.8436911487758946,0.9105691056910569,0.7859649122807018,"{'colsample_bytree': 0.8, 'learning_rate': 0.05, 'max_depth': 3, 'n_estimators': 100, 'subsample': 0.8}",2
XGBoost,0.9315026664736896,0.9820714873815406,0.847457627118644,0.9146341463414634,0.7894736842105263,"{'colsample_bytree': 1.0, 'learning_rate': 0.1, 'max_depth': 3, 'n_estimators': 100, 'subsample': 1.0}",3
XGBoost,0.9314501030219625,0.9815264819314861,0.8415094339622642,0.9065040650406504,0.7852112676056338,"{'colsample_bytree': 0.8, 'learning_rate': 0.05, 'max_depth': 3, 'n_estimators': 200, 'subsample': 1.0}",4
XGBoost,0.9314071159344571,0.9816214828814954,0.8490566037735849,0.9146341463414634,0.7922535211267606,"{'colsample_bytree': 1.0, 'learning_rate': 0.05, 'max_depth': 3, 'n_estimators': 200, 'subsample': 1.0}",5
XGBoost,0.9313523760207523,0.980196468631353,0.847457627118644,0.9146341463414634,0.7894736842105263,"{'colsample_bytree': 0.8, 'learning_rate': 0.1, 'max_depth': 3, 'n_estimators': 200, 'subsample': 1.0}",6
XGBoost,0.9309404062914957,0.9803214698813655,0.8426966292134831,0.9146341463414634,0.78125,"{'colsample_bytree': 0.8, 'learning_rate': 0.05, 'max_depth': 3, 'n_estimators': 200, 'subsample': 0.8}",7
XGBoost,0.9308776418899857,0.9818856521898552,0.849624060150376,0.9186991869918699,0.7902097902097902,"{'colsample_bytree': 1.0, 'learning_rate': 0.05, 'max_depth': 3, 'n_estimators': 300, 'subsample': 1.0}",8
XGBoost,0.9307801959322755,0.9805273052730528,0.8421052631578947,0.9105691056910569,0.7832167832167832,"{'colsample_bytree': 0.8, 'learning_rate': 0.1, 'max_depth': 3, 'n_estimators': 100, 'subsample': 1.0}",9
XGBoost,0.9302048297053158,0.9817481508148413,0.849624060150376,0.9186991869918699,0.7902097902097902,"{'colsample_bytree': 1.0, 'learning_rate': 0.1, 'max_depth': 3, 'n_estimators': 200, 'subsample': 1.0}",10
XGBoost,0.9301499121623115,0.9803281366146994,0.8411214953271028,0.9146341463414634,0.7785467128027682,"{'colsample_bytree': 1.0, 'learning_rate': 0.05, 'max_depth': 3, 'n_estimators': 300, 'subsample': 0.8}",11
XGBoost,0.9300141331140751,0.9803098030980311,0.8490566037735849,0.9146341463414634,0.7922535211267606,"{'colsample_bytree': 0.8, 'learning_rate': 0.05, 'max_depth': 3, 'n_estimators': 300, 'subsample': 0.8}",12
XGBoost,0.9294259131201893,0.9801664683313499,0.8411214953271028,0.9146341463414634,0.7785467128027682,"{'colsample_bytree': 0.8, 'learning_rate': 0.1, 'max_depth': 3, 'n_estimators': 200, 'subsample': 0.8}",13
XGBoost,0.9293550599678556,0.980953142864762,0.851145038167939,0.9065040650406504,0.802158273381295,"{'colsample_bytree': 1.0, 'learning_rate': 0.1, 'max_depth': 3, 'n_estimators': 300, 'subsample': 1.0}",14
XGBoost,0.9290862584290072,0.980173135064684,0.8421052631578947,0.9105691056910569,0.7832167832167832,"{'colsample_bytree': 0.8, 'learning_rate': 0.1, 'max_depth': 3, 'n_estimators': 300, 'subsample': 1.0}",15
XGBoost,0.9287640188377325,0.9809539762064288,0.8442776735459663,0.9146341463414634,0.7839721254355401,"{'colsample_bytree': 1.0, 'learning_rate': 0.05, 'max_depth': 3, 'n_estimators': 100, 'subsample': 1.0}",16
XGBoost,0.9284916582997557,0.980039800398004,0.8484848484848485,0.9105691056910569,0.7943262411347518,"{'colsample_bytree': 0.8, 'learning_rate': 0.1, 'max_depth': 3, 'n_estimators': 300, 'subsample': 0.8}",17
XGBoost,0.9284476826119086,0.9790656239895734,0.8458646616541353,0.9146341463414634,0.7867132867132867,"{'colsample_bytree': 1.0, 'learning_rate': 0.1, 'max_depth': 3, 'n_estimators': 100, 'subsample': 0.8}",18
XGBoost,0.9282056458573312,0.9787806211395448,0.8367729831144465,0.9065040650406504,0.7770034843205574,"{'colsample_bytree': 0.8, 'learning_rate': 0.1, 'max_depth': 3, 'n_estimators': 100, 'subsample': 0.8}",19
XGBoost,0.9280404980163398,0.9801148011480114,0.8405253283302064,0.9105691056910569,0.7804878048780488,"{'colsample_bytree': 0.8, 'learning_rate': 0.05, 'max_depth': 3, 'n_estimators': 100, 'subsample': 1.0}",20
XGBoost,0.9278901071051694,0.9796722967229673,0.8436911487758946,0.9105691056910569,0.7859649122807018,"{'colsample_bytree': 1.0, 'learning_rate': 0.05, 'max_depth': 3, 'n_estimators': 200, 'subsample': 0.8}",21
XGBoost,0.9277685204608535,0.979386460531272,0.8543689320388349,0.8943089430894309,0.8178438661710037,"{'colsample_bytree': 0.8, 'learning_rate': 0.05, 'max_depth': 5, 'n_estimators': 200, 'subsample': 0.8}",22
XGBoost,0.927542424527127,0.979059790597906,0.8649706457925636,0.8983739837398373,0.8339622641509434,"{'colsample_bytree': 0.8, 'learning_rate': 0.05, 'max_depth': 5, 'n_estimators': 300, 'subsample': 0.8}",23
XGBoost,0.9275388666909358,0.9798214648813155,0.8364312267657993,0.9146341463414634,0.7705479452054794,"{'colsample_bytree': 1.0, 'learning_rate': 0.05, 'max_depth': 3, 'n_estimators': 100, 'subsample': 0.8}",24
XGBoost,0.9272806838450846,0.9792581259145925,0.8457142857142858,0.9024390243902439,0.7956989247311828,"{'colsample_bytree': 1.0, 'learning_rate': 0.1, 'max_depth': 3, 'n_estimators': 300, 'subsample': 0.8}",25
XGBoost,0.9272446970688414,0.9796231295646289,0.8549323017408124,0.8983739837398373,0.8154981549815498,"{'colsample_bytree': 0.8, 'learning_rate': 0.1, 'max_depth': 5, 'n_estimators': 100, 'subsample': 1.0}",26
XGBoost,0.9272205627957014,0.9793081264145974,0.859375,0.8943089430894309,0.8270676691729323,"{'colsample_bytree': 1.0, 'learning_rate': 0.05, 'max_depth': 5, 'n_estimators': 300, 'subsample': 0.8}",27
XGBoost,0.9270021353729091,0.9788314549812165,0.8500948766603416,0.9105691056910569,0.797153024911032,"{'colsample_bytree': 1.0, 'learning_rate': 0.1, 'max_depth': 3, 'n_estimators': 200, 'subsample': 0.8}",28
XGBoost,0.9267051023943526,0.9791014576812433,0.8599221789883269,0.8983739837398373,0.8246268656716418,"{'colsample_bytree': 1.0, 'learning_rate': 0.05, 'max_depth': 5, 'n_estimators': 200, 'subsample': 0.8}",29
XGBoost,0.9264068848518638,0.9797847978479785,0.8565815324165029,0.8861788617886179,0.8288973384030418,"{'colsample_bytree': 0.8, 'learning_rate': 0.1, 'max_depth': 5, 'n_estimators': 200, 'subsample': 0.8}",30
XGBoost,0.9260752968868152,0.9777389440561072,0.8622047244094488,0.8902439024390244,0.8358778625954199,"{'colsample_bytree': 1.0, 'learning_rate': 0.1, 'max_depth': 5, 'n_estimators': 200, 'subsample': 0.8}",31
XGBoost,0.9259066133321096,0.97943312766461,0.8516377649325626,0.8983739837398373,0.8095238095238095,"{'colsample_bytree': 1.0, 'learning_rate': 0.1, 'max_depth': 5, 'n_estimators': 100, 'subsample': 0.8}",32
XGBoost,0.9258137048496667,0.979516461831285,0.8673267326732673,0.8902439024390244,0.8455598455598455,"{'colsample_bytree': 0.8, 'learning_rate': 0.1, 'max_depth': 5, 'n_estimators': 300, 'subsample': 1.0}",33
XGBoost,0.9256923422210468,0.9791797917979179,0.8549323017408124,0.8983739837398373,0.8154981549815498,"{'colsample_bytree': 0.8, 'learning_rate': 0.05, 'max_depth': 5, 'n_estimators': 200, 'subsample': 1.0}",34
XGBoost,0.9256529775848509,0.979023123564569,0.8565891472868217,0.8983739837398373,0.8185185185185185,"{'colsample_bytree': 0.8, 'learning_rate': 0.05, 'max_depth': 5, 'n_estimators': 300, 'subsample': 1.0}",35
XGBoost,0.9256136175903006,0.9790531238645719,0.8532818532818532,0.8983739837398373,0.8125,"{'colsample_bytree': 1.0, 'learning_rate': 0.05, 'max_depth': 5, 'n_estimators': 100, 'subsample': 0.8}",36
XGBoost,0.9254686359390866,0.978436451031177,0.8628230616302187,0.8821138211382114,0.8443579766536965,"{'colsample_bytree': 0.8, 'learning_rate': 0.1, 'max_depth': 5, 'n_estimators': 300, 'subsample': 0.8}",37
XGBoost,0.9252226342240194,0.9790914575812426,0.8610567514677103,0.8943089430894309,0.8301886792452831,"{'colsample_bytree': 0.8, 'learning_rate': 0.1, 'max_depth': 5, 'n_estimators': 200, 'subsample': 1.0}",38
XGBoost,0.9250487462784404,0.9787864545312118,0.8494208494208494,0.8943089430894309,0.8088235294117647,"{'colsample_bytree': 0.8, 'learning_rate': 0.05, 'max_depth': 5, 'n_estimators': 100, 'subsample': 0.8}",39
XGBoost,0.9247948495270125,0.979093124264576,0.859375,0.8943089430894309,0.8270676691729323,"{'colsample_bytree': 1.0, 'learning_rate': 0.1, 'max_depth': 5, 'n_estimators': 200, 'subsample': 1.0}",40
XGBoost,0.924619034665348,0.9792881262145955,0.851063829787234,0.8943089430894309,0.8118081180811808,"{'colsample_bytree': 0.8, 'learning_rate': 0.1, 'max_depth': 5, 'n_estimators': 100, 'subsample': 0.8}",41
XGBoost,0.924338352470191,0.9790831241645749,0.8599605522682445,0.8861788617886179,0.8352490421455939,"{'colsample_bytree': 1.0, 'learning_rate': 0.1, 'max_depth': 5, 'n_estimators': 300, 'subsample': 1.0}",42
XGBoost,0.9241782666102516,0.9794114607812746,0.85,0.8983739837398373,0.8065693430656934,"{'colsample_bytree': 0.8, 'learning_rate': 0.05, 'max_depth': 5, 'n_estimators': 100, 'subsample': 1.0}",43
XGBoost,0.9240278318573936,0.9778714453811205,0.869215291750503,0.8780487804878049,0.8605577689243028,"{'colsample_bytree': 1.0, 'learning_rate': 0.1, 'max_depth': 5, 'n_estimators': 300, 'subsample': 0.8}",44
XGBoost,0.9239663065154492,0.9782339490061568,0.8504854368932039,0.8902439024390244,0.8141263940520446,"{'colsample_bytree': 1.0, 'learning_rate': 0.1, 'max_depth': 5, 'n_estimators': 100, 'subsample': 1.0}",45
XGBoost,0.9235132278355908,0.978776454431211,0.85546875,0.8902439024390244,0.8233082706766918,"{'colsample_bytree': 1.0, 'learning_rate': 0.05, 'max_depth': 5, 'n_estimators': 300, 'subsample': 1.0}",46
XGBoost,0.9230332945942699,0.9787531208645421,0.8439306358381503,0.8902439024390244,0.8021978021978022,"{'colsample_bytree': 1.0, 'learning_rate': 0.05, 'max_depth': 5, 'n_estimators': 200, 'subsample': 1.0}",47
XGBoost,0.9227302228304516,0.9780389470561373,0.85,0.8983739837398373,0.8065693430656934,"{'colsample_bytree': 1.0, 'learning_rate': 0.05, 'max_depth': 5, 'n_estimators': 100, 'subsample': 1.0}",48
